id,HRS_MONFRI,HRS_SAT,HRS_SUN
1,24 hours,24 hours,24 hours
2,,,
3,Self park location,Self park location,Self park location
4,,,
5,,,
6,,,
7,,,
8,,,
9,,,
10,,,
11,,,
12,,,
13,,,
14,,,
15,6:30am-11pm,8am-1am,9am-8pm
16,7am to 7pm,CLOSED,CLOSED
17,,,
18,6am - 10pm / 12am Fri,8am - 12am,8am - 10pm
19,5am-2am,5am-2am,5am-2am
20,,,
21,,,
22,,,
23,5:30am-10pm,8am-7pm,8am-7pm
24,,,
25,,,
26,6am-8pm,CLOSED,CLOSED
27,,,
28,5pm- 7am,24 hours,24 hours
29,,,
30,,,
31,,,
32,,,
33,,,
34,,,
35,,,
36,6:30am-6:30pm,CLOSED,CLOSED
37,24 hours,24 hours,24 hours
38,,,
39,,,
40,Self park location,Self park location,Self park location
41,,,
42,6am-6pm,Self park location,Self park location
43,Self park location,Self park location,Self park location
44,,,
45,Self park location,Self park location,Self park location
46,24 hours,24 hours,24 hours
47,,,
48,,,
49,Open Cruise Days Only,Open Cruise Days Only,Open Cruise Days Only
50,6am-6pm,Self park location,Self park location
51,,,
52,,,
53,6:45am-6:30pm,10am-6pm,CLOSED
54,,,
55,,,
56,6am-6pm,Self park location,Self park location
57,24 hours,24 hours,24 hours
58,24 hours,24 hours,24 hours
59,,,
60,,,
61,,,
62,6am-6pm,Self park location,Self park location
63,,,
64,6:30am - 6pm,CLOSED,CLOSED
65,24 hours,24 hours,24 hours
66,,,
67,,,
68,,,
69,,,
70,24 hours,24 hours,24 hours
71,Self park location,Self park location,Self park location
72,6am - 4pm,6am - 4pm,6am - 4pm
73,6am-9pm,10am-2am,10am-10pm
74,6am-10pm,8am-10pm,9am-10pm
75,7am-6pm,CLOSED,CLOSED
76,,,
77,,,
78,,,
79,,,
80,Self park location,Self park location,Self park location
81,,,
82,,,
83,,,
84,24 hours,24 hours,24 hours
85,Self park location,Self park location,Self park location
86,24 hours,24 hours,24 hours
87,,,
88,,,
89,,,
90,,,
91,6am-6pm,Self park location,Self park location
92,,,
93,24 hours,24 hours,24 hours
94,,,
95,Self park location,Self park location,Self park location
96,,,
97,6am-12am,6am-12am,6am-12am
98,Self park location,Self park location,Self park location
99,,,
100,Permit only,Permit only,Permit only
101,9am-6pm,9am-1pm,closed
102,,,
103,6:30am-7pm,CLOSED,CLOSED
104,6am-7:30pm,CLOSED,CLOSED
105,,,
106,6am-6pm,CLOSED,CLOSED
107,,,
108,,,
109,,,
110,Self park location,Self park location,Self park location
111,,,
112,,,
113,,,
114,24 hours,24 hours,24 hours
115,7am-8pm,CLOSED,CLOSED
116,,,
117,,,
118,,,
119,6am - 11pm,8am - 2am,8am - 7pm
120,Self park location,Self park location,Self park location
121,,,
122,6am-6pm,Self park location,Self park location
123,,,
124,6am-12am,8am-1am,10am-12am
125,,,
126,,,
127,,,
128,,,
129,,,
130,,,
131,,,
132,6am-10pm,CLOSED,CLOSED
133,,,
134,,,
135,,,
136,,,
137,,,
138,,,
139,,,
140,7am-7pm,11am-7pm,11am-7pm
141,,,
142,,,
143,,,
144,,,
145,,,
146,24 hours,24 hours,24 hours
147,,,
148,24 hours,24 hours,24 hours
149,,,
150,,,
151,6:30am - 10:00pm,10am - 2am,closed
152,,,
153,24 hours,24 hours,24 hours
154,Self park location,Self park location,Self park location
155,Self park location,Self park location,Self park location
156,Self park location,Self park location,Self park location
157,,,
158,,,
159,Self park location,Self park location,Self park location
160,Self park location,Self park location,Self park location
161,Self park location,Self park location,Self park location
162,Self park location,Self park location,Self park location
163,Self park location,Self park location,Self park location
164,Self park location,Self park location,Self park location
165,,,
166,,,
167,Self park location,Self park location,Self park location
168,Self park location,Self park location,Self park location
169,,,
170,,,
171,,,
172,,,
173,,,
174,24 hours,24 hours,24 hours
175,24 hours,24 hours,24 hours
176,,,
177,5:30am-12am,5:30am-12am,5:30am-12am
178,24 hours,24 hours,24 hours
179,6pm - 6am,24 hours,24 hours
180,,,
181,,,
182,,,
183,530am-12am,7am-12am,9am-12am
184,,,
185,,,
186,,,
187,,,
188,24 hours,24 hours,24 hours
189,,,
190,,,
191,,,
192,24 hours,24 hours,24 hours
193,,,
194,,,
195,,,
196,,,
197,,,
198,6am-11pm,6am-11pm,6am-11pm
199,Self park location,Self park location,Self park location
200,7am-10pm,9am - 10pm,10am - 8pm
201,Self park location,Self park location,Self park location
202,5am-12am,5am - 2am,5am - 12am
203,Self park location,Self park location,Self park location
204,24 hours,24 hours,24 hours
205,Self park location,Self park location,Self park location
206,,,
207,,,
208,6am-6pm,Self park location,Self park location
209,,,
210,,,
211,Self park location,Self park location,Self park location
212,,,
213,,,
214,,,
215,,,
216,,,
217,7am-10pm,6am-11pm,7am-11pm
218,24 hours,24 hours,24 hours
219,,,
220,5:30am-9:30pm,CLOSED,CLOSED
221,6am-6pm,Self park location,Self park location
222,Self park location,Self park location,Self park location
223,6am-11pm,8am-12am,10am-11pm
224,,,
225,,,
226,,,
227,,,
228,7am-7pm,CLOSED,CLOSED
229,7am-1am,10am-1am,2pm-10:30pm
230,7am-8pm,CLOSED,CLOSED
231,,,
232,,,
233,,,
234,,,
235,,,
236,6am-8pm,CLOSED,CLOSED
237,24 hours,24 hours,24 hours
238,6:30am-7pm,CLOSED,CLOSED
239,,,
240,,,
241,24 hours,24 hours,24 hours
242,,,
243,6am-7pm,CLOSED,CLOSED
244,,,
245,,,
246,24 hours,24 hours,24 hours
247,,,
248,,,
249,,,
250,5pm - 7am,24 hours,24 hours
251,,,
252,,,
253,Self park location,Self park location,Self park location
254,,,
255,,,
256,6am-12am,8am-12am,9am-12am
257,,,
258,Self park location,Self park location,Self park location
259,24 hours,24 hours,24 hours
260,,,
261,6am-6pm,Self park location,Self park location
262,5am-11pm,6am-11pm,6am-11pm
263,24 hours,24 hours,24 hours
264,,,
265,,,
266,Self park location,Self park location,Self park location
267,,,
268,,,
269,,,
270,,,
271,6am-6pm,Self park location,Self park location
272,,,
273,Self park location,Self park location,Self park location
274,,,
275,,,
276,,,
277,,,
278,,,
279,,,
280,24 hours,24 hours,24 hours
281,,,
282,,,
283,24 hours,24 hours,24 hours
284,,,
285,,,
286,,,
287,,,
288,,,
289,,,
290,Self park location,Self park location,Self park location
291,,,
292,24 hours,24 hours,24 hours
293,,,
294,,,
295,Self park location,Self park location,Self park location
296,,,
297,,,
298,,,
299,6am - 12am,12pm - 12am,12pm - 12am
300,24 hours,24 hours,24 hours
301,,,
302,,,
303,Self park location,Self park location,Self park location
304,,,
305,,,
306,,,
307,Self park location,Self park location,Self park location
308,Self park location,Self park location,Self park location
309,Self park location,Self park location,Self park location
310,,,
311,,,
312,7am-9pm,10am-9pm,10am-7pm
313,,,
314,,,
315,,,
316,,,
317,,,
318,,,
319,,,
320,,,
321,,,
322,,,
323,,,
324,Self park location,Self park location,Self park location
325,24 hours,24 hours,24 hours
326,,,
327,,,
328,,,
329,,,
330,,,
331,Self park location,Self park location,Self park location
332,Self park location,Self park location,Self park location
333,,,
334,,,
335,24 hours,24 hours,24 hours
336,,,
337,7am-10pm,11am - 7pm,11am-6pm
338,6:30am-7:00pm,CLOSED,CLOSED
339,,,
340,,,
341,,,
342,,,
343,,,
344,Self park location,Self park location,Self park location
345,,,
346,6am-6pm,Self park location,Self park location
347,24 hours,24 hours,24 hours
348,,,
349,,,
350,Valet parking only,Valet parking only,Valet parking only
351,,,
352,24 hours,24 hours,24 hours
353,,,
354,,,
355,,,
356,,,
357,,,
358,,,
359,,,
360,Self park location,Self park location,Self park location
361,,,
362,Self park location,Self park location,Self park location
363,,,
364,,,
365,,,
366,Self park location,Self park location,Self park location
367,Self park location,Self park location,Self park location
368,,,
369,,,
370,Self park location,Self park location,Self park location
371,,,
372,Self park location,Self park location,Self park location
373,,,
374,Self park location,Self park location,Self park location
375,24 hours,24 hours,24 hours
376,,,
377,,24 hours,24 hours
378,,,
379,,,
380,,,
381,6am-7am,9am-7pm,10am-6pm
382,6am-10pm,CLOSED,CLOSED
383,,,
384,,,
385,,,
386,,,
387,Self park location,Self park location,Self park location
388,Self park location,Self park location,Self park location
389,,,
390,,,
391,Self park location,Self park location,Self park location
392,24 hours,24 hours,24 hours
393,,,
394,Valet parking only,Valet parking only,Valet parking only
395,,,
396,6am-12am,6am-12am,6am-12am
397,,,
398,,,
399,Self park location,Self park location,Self park location
400,6:30am-7pm,7am-5pm,closed
401,24 hours,24 hours,24 hours
402,Self park location,Self park location,Self park location
403,24 hours,24 hours,24 hours
404,,,
405,,,
406,,,
407,24 hours,24 hours,24 hours
408,24 hours,24 hours,24 hours
409,Self park location,Self park location,Self park location
410,,,
411,24 hours,24 hours,24 hours
412,24 hours,24 hours,24 hours
413,6am-7pm,9am-7pm,10am-6pm
414,,,
415,Self park location,Self park location,Self park location
416,5:30am-11pm,6am-11pm,6am-11pm
417,8:30am-7pm,8:30am-7pm,8:30am-7pm
418,,,
419,,,
420,,,
421,,,
422,Self park location,Self park location,Self park location
423,5:30am-10am,9am-12am,10am-10pm
424,7am - 1am,9am - 1am,9am - 1am
425,,,
426,,,
427,,,
428,,,
429,,,
430,,,
431,,,
432,7am-7pm,CLOSED,CLOSED
433,,,
434,,,
435,Self park location,Self park location,Self park location
436,,,
437,Self park location,Self park location,Self park location
438,,,
439,5am-12:30am,6:46am-1:30am,8am-11:30pm
440,,,
441,,,
442,,,
443,,,
444,,,
445,,,
446,24 hours,24 hours,24 hours
447,Self park location,Self park location,Self park location
448,,,
449,,,
450,,,
451,,,
452,6am-7pm,CLOSED,CLOSED
453,24 hours,24 hours,24 hours
454,,,
455,,,
456,7am - 11pm,9am - 5pm,closed
457,,,
458,,,
459,,,
460,,,
461,,,
462,,,
463,,,
464,6am-10pm,CLOSED,CLOSED
465,6am - 12am,6am - 1am,6am - 12am
466,,,
467,,,
468,,,
469,,,
470,,,
471,,,
472,,,
473,,,
474,,,
475,,,
476,,,
477,,,
478,,,
479,24 hours,24 hours,24 hours
480,,,
481,,,
482,24 hours,24 hours,24 hours
483,,,
484,,,
485,Self park location,Self park location,Self park location
486,24 hours,24 hours,24 hours
487,24 hours,24 hours,24 hours
488,Self park location,Self park location,Self park location
489,24 hours,24 hours,24 hours
490,6am-6pm,Self park location,Self park location
491,24 hours,24 hours,24 hours
492,,,
493,,,
494,,,
495,,,
496,,,
497,7am-6pm,CLOSED,CLOSED
498,,,
499,24 hours,24 hours,24 hours
500,,,
501,Self park location,Self park location,Self park location
502,Self park location,Self park location,Self park location
503,Self park location,Self park location,Self park location
504,7am-7pm,CLOSED,CLOSED
505,,,
506,,,
507,,,
508,7am - 6pm,8am - 7pm,8am - 7pm
509,6am - 7pm,CLOSED,CLOSED
510,,,
511,,,
512,24 hours,24 hours,24 hours
513,24 hours,24 hours,24 hours
514,24 hours,24 hours,24 hours
515,,,
516,Self park location,Self park location,Self park location
517,Self park location,Self park location,Self park location
518,,,
519,24 hours,24 hours,24 hours
520,,,
521,,,
522,,,
523,,,
524,24 hours,24 hours,24 hours
525,,,
526,Self park location,Self park location,Self park location
527,24 hours,24 hours,24 hours
528,,,
529,24 hours,24 hours,24 hours
530,6am-6pm,Self park location,Self park location
531,,,
532,,,
533,,,
534,,,
535,,,
536,7am-7pm,7am-7pm,7am-7pm
537,,,
538,,,
539,,,
540,,,
541,,,
542,,,
543,,,
544,,,
545,,,
546,6am-6pm,Self park location,Self park location
547,,,
548,,,
549,,,
550,,,
551,,,
552,Self park location,Self park location,Self park location
553,,,
554,24 hours,24 hours,24 hours
555,,,
556,,,
557,,,
558,,,
559,24 hours,24 hours,24 hours
560,24 hours,24 hours,24 hours
561,Self park location,Self park location,Self park location
562,,,
563,,,
564,,,
565,Self park location,Self park location,Self park location
566,6:30am-11pm,8am-1am,9am-8pm
567,,,
568,,,
569,,,
570,6:30am-6pm,CLOSED,CLOSED
571,,,
572,7am-8:45pm,8am-4:30pm,closed
573,24 hours,24 hours,24 hours
574,24 hours,24 hours,24 hours
575,,,
576,,,
577,24 hours,24 hours,24 hours
578,,,
579,,,
580,,,
581,,,
582,,,
583,6am-6pm,Self park location,Self park location
584,24 hours,24 hours,24 hours
585,24 hours,24 hours,24 hours
586,,,
587,Self park location,Self park location,Self park location
588,24 hours,24 hours,24 hours
589,,,
590,8am - 10pm,9am - 8pm,
591,,,
592,,,
593,24 hours,24 hours,24 hours
594,,,
595,,,
596,,,
597,,,
598,6am-7pm,8am-6pm,closed
599,,,
600,,,
601,Self park location,Self park location,Self park location
602,,,
603,Self park location,Self park location,Self park location
604,6am-7pm,CLOSED,CLOSED
605,,,
606,,,
607,,,
608,,,
609,6am-6pm,Self park location,Self park location
610,,,
611,Self park location,Self park location,Self park location
612,,,
613,,,
614,,,
615,7am - 9pm,CLOSED,CLOSED
616,6am-12am,7am-12am,Event only
617,6am-12am,8am-12am,8am-12
618,24 hours,24 hours,24 hours
619,,,
620,Self park location,Self park location,Self park location
621,,,
622,,,
623,,,
624,Self park location,Self park location,Self park location
625,,,
626,,,
627,6:30am-8:30pm,8am-7:30pm,10am-6pm
628,,,
629,24 hours,24 hours,24 hours
630,,,
631,Mon-Weds: 6:30a- 12:30a   Thurs 6:30a - 1:30a  Fri,Saturday: 8:30a - 2:30a,Sunday:  9:00a - 11:00p
632,,,
633,,,
634,24 hours,24 hours,24 hours
635,,,
636,,,
637,,,
638,24 hours,24 hours,24 hours
639,24 hours,24 hours,24 hours
640,24 hours,24 hours,24 hours
641,,,
642,,,
643,,,
644,,,
645,,,
646,,,
647,,,
648,Self park location,Self park location,Self park location
649,,,
650,24 hours,24 hours,24 hours
651,6am-9pm,8am-8pm,8pm-12am
652,,,
653,Self park location,Self park location,Self park location
654,,,
655,,,
656,,,
657,,,
658,,,
659,,,
660,,,
661,24 hours,24 hours,24 hours
662,,,
663,,,
664,6am-8pm,CLOSED,CLOSED
665,,,
666,24 hours,24 hours,24 hours
667,,,
668,24 hours,24 hours,24 hours
669,,,
670,,,
671,24 Hrs,24 Hrs,24 hours
672,,,
673,,,
674,Self park location,Self park location,Self park location
675,24 hours,24 hours,24 hours
676,Self park location,Self park location,Self park location
677,Self park location,Self park location,Self park location
678,Self park location,Self park location,Self park location
679,,,
680,24 hours,24 hours,24 hours
681,24 hours,24 hours,24 hours
682,,,
683,5:30am-12am,7am-12am,9am-8pm
684,Self park location,Self park location,Self park location
685,6:30am-7pm,10am-11pm,10am-6pm
686,,,
