id,WEBNAME,REGIONID,OUTOFSERV,VACANT,STATUS,DATETIME
1,KEY PARK NORTHWEST,0,,,,['DATETIME']
2,IMPARK,0,,,,['DATETIME']
3,ROLLIN ST LOT,0,,,,['DATETIME']
4,STADIUM/EXHIBITION CENTER GARAGE,0,,,,['DATETIME']
5,DIAMOND,0,,,,['DATETIME']
6,AMAZON PHASE 1B #81866,0,,,,['DATETIME']
7,UNITED,0,,,,['DATETIME']
8,AMPCO,0,,,,['DATETIME']
9,DIAMOND,0,,,,['DATETIME']
10,DIAMOND,0,,,,['DATETIME']
11,DIAMOND,0,,,,['DATETIME']
12,IMPARK,0,,,,['DATETIME']
13,MERCHANTS PARKING ASSOC,0,,,,['DATETIME']
14,DIAMOND,0,,,,['DATETIME']
15,IMPARK,0,,,,['DATETIME']
16,REPUBLIC,0,,,,['DATETIME']
17,999 THIRD AVENUE,0,,,,['DATETIME']
18,STADIUM PLACE,17,Y,62,62,['DATETIME']
19,PACIFIC PLACE,5,N,940,OPEN,['DATETIME']
20,DIAMOND,0,,,,['DATETIME']
21,DIAMOND,0,,,,['DATETIME']
22,WILSON MACHINE WORKS,0,,,,['DATETIME']
23,WESTLAKE & TERRY GARAGE,0,,,,['DATETIME']
24,DIAMOND,0,,,,['DATETIME']
25,DIAMOND,0,,,,['DATETIME']
26,CPS - 600 BROADWAY,0,,,,['DATETIME']
27,6TH & BELL,0,,,,['DATETIME']
28,KEY PARK NORTHWEST,0,,,,['DATETIME']
29,CLOTHIER T & CLOTHIER R III,0,,,,['DATETIME']
30,HOP IN GROCERY MONTLAKE,0,,,,['DATETIME']
31,PACIFIC IRON & METAL,0,,,,['DATETIME']
32,DIAMOND,0,,,,['DATETIME']
33,IPM,0,,,,['DATETIME']
34,DIAMOND,0,,,,['DATETIME']
35,DIAMOND,0,,,,['DATETIME']
36,REPUBLIC,0,,,,['DATETIME']
37,CPS - BROADWAY GARAGE,0,,,,['DATETIME']
38,IPM,0,,,,['DATETIME']
39,,0,,,,['DATETIME']
40,523 DEXTER AV N,0,,,,['DATETIME']
41,,0,,,,['DATETIME']
42,U-PARK,0,,,,['DATETIME']
43,BOAT STREET MARINA - LOT,0,,,,['DATETIME']
44,DIAMOND,0,,,,['DATETIME']
45,U-PARK,0,,,,['DATETIME']
46,CPS - BALLARD GARAGE,0,,,,['DATETIME']
47,DIAMOND,0,,,,['DATETIME']
48,REPUBLIC ADLER LOT,0,,,,['DATETIME']
49,REPUBLIC - PIER 91,0,,,,['DATETIME']
50,U-PARK,0,,,,['DATETIME']
51,DIAMOND,0,,,,['DATETIME']
52,DIAMOND,0,,,,['DATETIME']
53,REPUBLIC,0,,,,['DATETIME']
54,DIAMOND,0,,,,['DATETIME']
55,,0,,,,['DATETIME']
56,U-PARK,0,,,,['DATETIME']
57,IMPARK,0,,,,['DATETIME']
58,CPS - 1111 3RD AVE,0,,,,['DATETIME']
59,MERCHANTS PARKING ASSOC,0,,,,['DATETIME']
60,JOHN'S,0,,,,['DATETIME']
61,IPM - HOMEPLATE,0,,,,['DATETIME']
62,U-PARK,0,,,,['DATETIME']
63,DIAMOND,0,,,,['DATETIME']
64,REPUBLIC,0,,,,['DATETIME']
65,IMPARK,0,,,,['DATETIME']
66,DIAMOND,0,,,,['DATETIME']
67,,0,,,,['DATETIME']
68,AMPCO,0,,,,['DATETIME']
69,DIAMOND,0,,,,['DATETIME']
70,REPUBLIC,0,,,,['DATETIME']
71,U-PARK,0,,,,['DATETIME']
72,REPUBLIC - PIER 66,0,,,,['DATETIME']
73,1ST & COLUMBIA GARAGE,15,Y,158,,['DATETIME']
74,IMPARK,0,,,,['DATETIME']
75,IMPARK,0,,,,['DATETIME']
76,DIAMOND,0,,,,['DATETIME']
77,DIAMOND,0,,,,['DATETIME']
78,DIAMOND,0,,,,['DATETIME']
79,DIAMOND,0,,,,['DATETIME']
80,U-PARK,0,,,,['DATETIME']
81,DIAMOND,0,,,,['DATETIME']
82,DIAMOND,0,,,,['DATETIME']
83,U-DISTRICT PARKING LOT,0,,,,['DATETIME']
84,CPS - SWEDISH ORTHOPEDIC INSITUTE,0,,,,['DATETIME']
85,U-PARK,0,,,,['DATETIME']
86,CPS - CHERRY HILL,0,,,,['DATETIME']
87,DIAMOND,0,,,,['DATETIME']
88,DIAMOND,0,,,,['DATETIME']
89,DIAMOND,0,,,,['DATETIME']
90,REPUBLIC,0,,,,['DATETIME']
91,U-PARK,0,,,,['DATETIME']
92,DIAMOND,0,,,,['DATETIME']
93,IMPARK,0,,,,['DATETIME']
94,,,,,,['DATETIME']
95,Standard,,,,,['DATETIME']
96,WEST SEATTLE JUNCTION ASSOCIATION,0,,,,['DATETIME']
97,IMPARK,0,,,,['DATETIME']
98,U-PARK,0,,,,['DATETIME']
99,DIAMOND,0,,,,['DATETIME']
100,TRICK & MURRAY LOT,0,,,,['DATETIME']
101,BANK OF AMERICA - EAST MADISON,0,,,,['DATETIME']
102,DIAMOND,0,,,,['DATETIME']
103,4225 ROOSEVELT WY NE GARAGE,0,,,,['DATETIME']
104,4245 ROOSEVELT WY NE GARAGE,0,,,,['DATETIME']
105,UNITED,0,,,,['DATETIME']
106,IMPARK,0,,,,['DATETIME']
107,DIAMOND,0,,,,['DATETIME']
108,DIAMOND,0,,,,['DATETIME']
109,IPM,0,,,,['DATETIME']
110,REXLAND LOT,0,,,,['DATETIME']
111,DIAMOND,0,,,,['DATETIME']
112,MERCHANTS PARKING ASSOC,0,,,,['DATETIME']
113,DIAMOND,0,,,,['DATETIME']
114,REPUBLIC,0,,,,['DATETIME']
115,CPS - MARION & MINOR,0,,,,['DATETIME']
116,DIAMOND,0,,,,['DATETIME']
117,WOODLAND PARK ZOO LOT,0,,,,['DATETIME']
118,DIAMOND,0,,,,['DATETIME']
119,REPUBLIC,0,,,,['DATETIME']
120,SEATTLE TIMES LOT,0,,,,['DATETIME']
121,DIAMOND,0,,,,['DATETIME']
122,U-PARK,0,,,,['DATETIME']
123,DIAMOND,0,,,,['DATETIME']
124,TWO UNION SQUARE,0,,,,['DATETIME']
125,DIAMOND,0,,,,['DATETIME']
126,UNITED,0,,,,['DATETIME']
127,DIAMOND,0,,,,['DATETIME']
128,CITY PRODUCE CO LLC,0,,,,['DATETIME']
129,STERNOD ENTERPRISES INC,0,,,,['DATETIME']
130,DIAMOND,0,,,,['DATETIME']
131,DIAMOND,0,,,,['DATETIME']
132,REPUBLIC,0,,,,['DATETIME']
133,REPUBLIC,0,,,,['DATETIME']
134,DIAMOND,0,,,,['DATETIME']
135,COLUMBIA CITY,0,,,,['DATETIME']
136,DIAMOND,0,,,,['DATETIME']
137,DIAMOND,0,,,,['DATETIME']
138,BUTLER,0,,,,['DATETIME']
139,BUTLER,0,,,,['DATETIME']
140,901 4TH AVENUE GARAGE,0,,,,['DATETIME']
141,EXETER HOUSE,0,,,,['DATETIME']
142,UNITED,0,,,,['DATETIME']
143,DIAMOND,0,,,,['DATETIME']
144,,0,,,,['DATETIME']
145,DIAMOND,0,,,,['DATETIME']
146,IMPARK,0,,,,['DATETIME']
147,UNITED,0,,,,['DATETIME']
148,REPUBLIC - MARS HILL CHURCH LOT,0,,,,['DATETIME']
149,REPUBLIC,0,,,,['DATETIME']
150,DIAMOND,0,,,,['DATETIME']
151,BUTLER GARAGE,12,N,174,164,['DATETIME']
152,IMPARK,0,,,,['DATETIME']
153,IMPARK,0,,,,['DATETIME']
154,U-PARK,0,,,,['DATETIME']
155,Standard,,,,,['DATETIME']
156,Standard,,,,,['DATETIME']
157,WEST SEATTLE JUNCTION ASSOCIATION,0,,,,['DATETIME']
158,WEST SEATTLE JUNCTION ASSOCIATION,0,,,,['DATETIME']
159,Standard,,,,,['DATETIME']
160,Standard,,,,,['DATETIME']
161,Standard,,,,,['DATETIME']
162,Standard,,,,,['DATETIME']
163,Standard,,,,,['DATETIME']
164,IPM,,,,,['DATETIME']
165,SEATTLE CENTER 5TH AVENUE NORTH,0,,,,['DATETIME']
166,DIAMOND,0,,,,['DATETIME']
167,Standard,,,,,['DATETIME']
168,Standard,,,,,['DATETIME']
169,DIAMOND,0,,,,['DATETIME']
170,DIAMOND,0,,,,['DATETIME']
171,DIAMOND,0,,,,['DATETIME']
172,U-PARK,0,,,,['DATETIME']
173,DIAMOND,0,,,,['DATETIME']
174,CPS - INVEX ALLEY,0,,,,['DATETIME']
175,IMPARK,0,,,,['DATETIME']
176,DIAMOND,0,,,,['DATETIME']
177,CONVENTION CENTER,4,Y,692,692,['DATETIME']
178,REPUBLIC - OLYMPIC SCULPTURE PARK,0,,,,['DATETIME']
179,REPUBLIC,0,,,,['DATETIME']
180,DIAMOND,0,,,,['DATETIME']
181,DIAMOND,0,,,,['DATETIME']
182,DIAMOND,0,,,,['DATETIME']
183,RAINIER SQUARE,0,,,,['DATETIME']
184,DIAMOND,0,,,,['DATETIME']
185,CHINOOK PARKING - COLLEGE CLUB,0,,,,['DATETIME']
186,DIAMOND,0,,,,['DATETIME']
187,DIAMOND,0,,,,['DATETIME']
188,IMPARK,0,,,,['DATETIME']
189,UNITED,0,,,,['DATETIME']
190,U-DISTRICT PARKING LOT,0,,,,['DATETIME']
191,PUBLIC MARKET GARAGE,7,N,238,227,['DATETIME']
192,REPUBLIC - BONNEY WATSON BROADWAY,0,,,,['DATETIME']
193,DIAMOND,0,,,,['DATETIME']
194,LMA PROPERTY MANAGEMENT,0,,,,['DATETIME']
195,IPM,0,,,,['DATETIME']
196,DIAMOND,0,,,,['DATETIME']
197,,0,,,,['DATETIME']
198,UNITED,0,,,,['DATETIME']
199,8TH & THOMAS LOT,0,,,,['DATETIME']
200,REPUBLIC,0,,,,['DATETIME']
201,BOAT STREET - LOT,0,,,,['DATETIME']
202,520 PIKE TOWER GARAGE,0,,,,['DATETIME']
203,POLYCLINIC PARKING,0,,,,['DATETIME']
204,REPUBLIC - BONNEY WATSON BALLARD,0,,,,['DATETIME']
205,U-PARK,0,,,,['DATETIME']
206,DIAMOND,0,,,,['DATETIME']
207,DIAMOND,0,,,,['DATETIME']
208,U-PARK,0,,,,['DATETIME']
209,682 S HOLGATE ST,0,,,,['DATETIME']
210,,,,,,['DATETIME']
211,U-PARK,0,,,,['DATETIME']
212,ACE PARKING,0,,,,['DATETIME']
213,DIAMOND,0,,,,['DATETIME']
214,DIAMOND,0,,,,['DATETIME']
215,U-DISTRICT PARKING LOT,0,,,,['DATETIME']
216,DIAMOND,0,,,,['DATETIME']
217,IPM,0,,,,['DATETIME']
218,REPUBLIC,0,,,,['DATETIME']
219,UNITED,0,,,,['DATETIME']
220,GOAT HILL GARAGE,0,,,,['DATETIME']
221,U-PARK,0,,,,['DATETIME']
222,U-PARK,0,,,,['DATETIME']
223,WESTLAKE CENTER,0,,,,['DATETIME']
224,DIAMOND,0,,,,['DATETIME']
225,DIAMOND,0,,,,['DATETIME']
226,DIAMOND,0,,,,['DATETIME']
227,IPM,0,,,,['DATETIME']
228,IMPARK,0,,,,['DATETIME']
229,IBM BUILDING,0,,,,['DATETIME']
230,CPS - FIRST HILL MEDICAL,0,,,,['DATETIME']
231,DIAMOND,0,,,,['DATETIME']
232,DIAMOND,0,,,,['DATETIME']
233,SAVER FURNITURE,0,,,,['DATETIME']
234,FIRST AVENUE DELI,0,,,,['DATETIME']
235,UNITED,0,,,,['DATETIME']
236,FREEWAY PARK,0,,,,['DATETIME']
237,IMPARK,0,,,,['DATETIME']
238,IMPARK,0,,,,['DATETIME']
239,DIAMOND,0,,,,['DATETIME']
240,DIAMOND,0,,,,['DATETIME']
241,REPUBLIC,0,,,,['DATETIME']
242,DIAMOND,0,,,,['DATETIME']
243,UNITED,0,,,,['DATETIME']
244,DIAMOND,0,,,,['DATETIME']
245,U-DISTRICT PARKING LOT,0,,,,['DATETIME']
246,REPUBLIC,0,,,,['DATETIME']
247,YELLOW DOG,0,,,,['DATETIME']
248,DIAMOND,0,,,,['DATETIME']
249,DIAMOND,0,,,,['DATETIME']
250,KEY PARK NORTHWEST,0,,,,['DATETIME']
251,DIAMOND,0,,,,['DATETIME']
252,DIAMOND,0,,,,['DATETIME']
253,CHEFS SOUP LOT,0,,,,['DATETIME']
254,,0,,,,['DATETIME']
255,DIAMOND,0,,,,['DATETIME']
256,IMPARK,0,,,,['DATETIME']
257,MERCHANTS PARKING ASSOC,0,,,,['DATETIME']
258,502 9TH AV,0,,,,['DATETIME']
259,IMPARK,0,,,,['DATETIME']
260,U-DISTRICT PARKING LOT,0,,,,['DATETIME']
261,U-PARK,0,,,,['DATETIME']
262,UNITED,0,,,,['DATETIME']
263,IMPARK,0,,,,['DATETIME']
264,JADE,0,,,,['DATETIME']
265,DIAMOND,0,,,,['DATETIME']
266,530 DEXTER AV N,0,,,,['DATETIME']
267,WOODLAND PARK ZOO LOT,0,,,,['DATETIME']
268,DIAMOND,0,,,,['DATETIME']
269,DIAMOND,0,,,,['DATETIME']
270,DIAMOND,0,,,,['DATETIME']
271,U-PARK,0,,,,['DATETIME']
272,DIAMOND,0,,,,['DATETIME']
273,AMAZON.COM GARAGE,0,,,,['DATETIME']
274,DIAMOND,0,,,,['DATETIME']
275,MCFARLAND PROPERTY MANAGEMENT,0,,,,['DATETIME']
276,DIAMOND,0,,,,['DATETIME']
277,DIAMOND,0,,,,['DATETIME']
278,UNITED,0,,,,['DATETIME']
279,DIAMOND,0,,,,['DATETIME']
280,REPUBLIC - AGC BUILDING,0,,,,['DATETIME']
281,DIAMOND,0,,,,['DATETIME']
282,AMPCO,0,,,,['DATETIME']
283,REPUBLIC - JACOBSON TERMINAL,0,,,,['DATETIME']
284,DIAMOND,0,,,,['DATETIME']
285,WOODLAND PARK ZOO LOT,0,,,,['DATETIME']
286,AMPCO,0,,,,['DATETIME']
287,DIAMOND,0,,,,['DATETIME']
288,DIAMOND,0,,,,['DATETIME']
289,AMPCO,0,,,,['DATETIME']
290,U-PARK,0,,,,['DATETIME']
291,TRAVELODGE SEATTLE CENTER,0,,,,['DATETIME']
292,CPS - HC HENRY PIER,0,,,,['DATETIME']
293,U-DISTRICT PARKING LOT,0,,,,['DATETIME']
294,UNITED,0,,,,['DATETIME']
295,2201 9TH AVENUE LOT,0,,,,['DATETIME']
296,DIAMOND,0,,,,['DATETIME']
297,DIAMOND,0,,,,['DATETIME']
298,QWEST FIELD PARKING - NORTH LOT,0,,,,['DATETIME']
299,THE FINANCIAL CENTER,0,,,,['DATETIME']
300,REPUBLIC,0,,,,['DATETIME']
301,UNITED,0,,,,['DATETIME']
302,WOODLAND PARK ZOO LOT,0,,,,['DATETIME']
303,,0,,,,['DATETIME']
304,DIAMOND,0,,,,['DATETIME']
305,DIAMOND,0,,,,['DATETIME']
306,DIAMOND,0,,,,['DATETIME']
307,424 BOREN AV NORTH LOT,0,,,,['DATETIME']
308,U-PARK,0,,,,['DATETIME']
309,U-PARK,0,,,,['DATETIME']
310,DIAMOND,0,,,,['DATETIME']
311,AMPCO,0,,,,['DATETIME']
312,AMPCO,0,,,,['DATETIME']
313,MERCHANTS PARKING ASSOC,0,,,,['DATETIME']
314,,,,,,['DATETIME']
315,DONNAS DINER,0,,,,['DATETIME']
316,DIAMOND,0,,,,['DATETIME']
317,WILLIS & SONS,0,,,,['DATETIME']
318,DIAMOND,0,,,,['DATETIME']
319,AMAZON PHASE 3 #81876,0,,,,['DATETIME']
320,DIAMOND,0,,,,['DATETIME']
321,EXPEDITOR GARAGE,0,,,,['DATETIME']
322,DIAMOND,0,,,,['DATETIME']
323,FRYE PARKING GARAGE,0,,,,['DATETIME']
324,AMAZON PHASE 1A #81865,0,,,,['DATETIME']
325,REPUBLIC,0,,,,['DATETIME']
326,DIAMOND,0,,,,['DATETIME']
327,DIAMOND,0,,,,['DATETIME']
328,SEATTLE CENTER MERCER GARAGE,0,,,,['DATETIME']
329,DIAMOND,0,,,,['DATETIME']
330,DIAMOND,0,,,,['DATETIME']
331,Genesis #81968,0,,,,['DATETIME']
332,U-PARK,0,,,,['DATETIME']
333,DIAMOND,0,,,,['DATETIME']
334,Foley - Green  #82018,0,,,,['DATETIME']
335,REPUBLIC,0,,,,['DATETIME']
336,DIAMOND,0,,,,['DATETIME']
337,WATERMARK TOWER GARAGE,20,N,47,47,['DATETIME']
338,REPUBLIC - PI BLDG,0,,,,['DATETIME']
339,IPM - Union Station South,0,,,,['DATETIME']
340,AMPCO - VIRGINIA MASON,0,,,,['DATETIME']
341,UNITED,0,,,,['DATETIME']
342,DIAMOND,0,,,,['DATETIME']
343,U-PARK,0,,,,['DATETIME']
344,STEVE JOHNSON LOT,0,,,,['DATETIME']
345,PACIFIC PARKING,0,,,,['DATETIME']
346,U-PARK,0,,,,['DATETIME']
347,REPUBLIC,0,,,,['DATETIME']
348,DIAMOND,0,,,,['DATETIME']
349,,,,,,['DATETIME']
350,WORLDMARK CLUB VALET,0,,,,['DATETIME']
351,DIAMOND,0,,,,['DATETIME']
352,REPUBLIC,0,,,,['DATETIME']
353,DIAMOND,0,,,,['DATETIME']
354,W HOTEL,0,,,,['DATETIME']
355,DIAMOND,0,,,,['DATETIME']
356,FILSON CORPORATION,0,,,,['DATETIME']
357,DIAMOND,0,,,,['DATETIME']
358,IPM - MERRILL PLACE,0,,,,['DATETIME']
359,WJA PLLC,0,,,,['DATETIME']
360,STANDARD,0,,,,['DATETIME']
361,DIAMOND,0,,,,['DATETIME']
362,U-PARK,0,,,,['DATETIME']
363,DIAMOND,0,,,,['DATETIME']
364,DIAMOND,0,,,,['DATETIME']
365,DIAMOND,0,,,,['DATETIME']
366,FIRST HILL PLAZA GARAGE,0,,,,['DATETIME']
367,U-PARK,0,,,,['DATETIME']
368,DIAMOND,0,,,,['DATETIME']
369,PARKING,0,,,,['DATETIME']
370,BANK OF AMERICA - EASTLAKE AVENUE,0,,,,['DATETIME']
371,CPS - ARNOLD VALET,0,,,,['DATETIME']
372,U-PARK,0,,,,['DATETIME']
373,METRO,0,,,,['DATETIME']
374,U-PARK,0,,,,['DATETIME']
375,REPUBLIC - WOLD LOT,0,,,,['DATETIME']
376,DIAMOND,0,,,,['DATETIME']
377,WESTIN,0,,,,['DATETIME']
378,PARKING,0,,,,['DATETIME']
379,DIAMOND,0,,,,['DATETIME']
380,IPM,0,,,,['DATETIME']
381,UNITED,0,,,,['DATETIME']
382,IMPARK,0,,,,['DATETIME']
383,DIAMOND,0,,,,['DATETIME']
384,DIAMOND,0,,,,['DATETIME']
385,DIAMOND,0,,,,['DATETIME']
386,NORTHWEST HOSPITAL,0,,,,['DATETIME']
387,U-PARK,0,,,,['DATETIME']
388,U-PARK,0,,,,['DATETIME']
389,UNITED,0,,,,['DATETIME']
390,UNITED,0,,,,['DATETIME']
391,CINERAMA #81097,0,,,,['DATETIME']
392,REPUBLIC,0,,,,['DATETIME']
393,,0,,,,['DATETIME']
394,HOTEL @ OLIVE 8 - LOT,0,,,,['DATETIME']
395,MARINERS BALLPARK GARAGE,0,,,,['DATETIME']
396,IMPARK,0,,,,['DATETIME']
397,UCC,0,,,,['DATETIME']
398,STANDARD,0,,,,['DATETIME']
399,U-PARK,0,,,,['DATETIME']
400,DIAMOND,0,,,,['DATETIME']
401,KEY PARK NORTHWEST,0,,,,['DATETIME']
402,U-PARK,0,,,,['DATETIME']
403,IMPARK,0,,,,['DATETIME']
404,DIAMOND,0,,,,['DATETIME']
405,DIAMOND,0,,,,['DATETIME']
406,,0,,,,['DATETIME']
407,IMPARK,0,,,,['DATETIME']
408,CPS - INVEX GARAGE,0,,,,['DATETIME']
409,THORTON PLACE GARAGE - LOT,0,,,,['DATETIME']
410,DIAMOND,0,,,,['DATETIME']
411,REPUBLIC - LENORA LOT,0,,,,['DATETIME']
412,REPUBLIC - DESIMONE LOT,0,,,,['DATETIME']
413,UNITED,0,,,,['DATETIME']
414,DIAMOND,0,,,,['DATETIME']
415,STANDARD,0,,,,['DATETIME']
416,UNITED,0,,,,['DATETIME']
417,UNITED,0,,,,['DATETIME']
418,UNITED,0,,,,['DATETIME']
419,DIAMOND,0,,,,['DATETIME']
420,DIAMOND,0,,,,['DATETIME']
421,DIAMOND,0,,,,['DATETIME']
422,GEORGE RUSSELL HALL LOT,0,,,,['DATETIME']
423,REPUBLIC - WAMU CENTER,0,,,,['DATETIME']
424,FISHER PLAZA,0,,,,['DATETIME']
425,DIAMOND,0,,,,['DATETIME']
426,SEATTLE WATERFRONT MARRIOTT,0,,,,['DATETIME']
427,UNITED,0,,,,['DATETIME']
428,DIAMOND,0,,,,['DATETIME']
429,DIAMOND,0,,,,['DATETIME']
430,BLANCHARD PLAZA,0,,,,['DATETIME']
431,DIAMOND,0,,,,['DATETIME']
432,IMPARK,0,,,,['DATETIME']
433,DIAMOND,0,,,,['DATETIME']
434,DIAMOND,0,,,,['DATETIME']
435,ANALYTICAL RESOURCES #81879,0,,,,['DATETIME']
436,DIAMOND,0,,,,['DATETIME']
437,U-PARK,0,,,,['DATETIME']
438,DIAMOND,0,,,,['DATETIME']
439,IMPARK,0,,,,['DATETIME']
440,HECKER WAKEFIELD & FEILBERG PS,0,,,,['DATETIME']
441,RENAISSANCE MADISON HOTEL,0,,,,['DATETIME']
442,FOUR SEASONS GARAGE,0,,,,['DATETIME']
443,CASCADE TRADE,0,,,,['DATETIME']
444,U-DISTRICT PARKING LOT,0,,,,['DATETIME']
445,,0,,,,['DATETIME']
446,IMPARK,0,,,,['DATETIME']
447,Standard,,,,,['DATETIME']
448,DIAMOND,0,,,,['DATETIME']
449,U-PARK,0,,,,['DATETIME']
450,DIAMOND,0,,,,['DATETIME']
451,,,,,,['DATETIME']
452,UNITED,0,,,,['DATETIME']
453,REPUBLIC,0,,,,['DATETIME']
454,EDGEWATER THE,0,,,,['DATETIME']
455,DIAMOND,0,,,,['DATETIME']
456,REPUBLIC - SWEDISH CHERRY HILL,0,,,,['DATETIME']
457,DIAMOND,0,,,,['DATETIME']
458,OUTDOOR EMPORIUM,0,,,,['DATETIME']
459,REPUBLIC,0,,,,['DATETIME']
460,DIAMOND,0,,,,['DATETIME']
461,DIAMOND,0,,,,['DATETIME']
462,DIAMOND,0,,,,['DATETIME']
463,CPS - CHANDLERS COVE LOT,0,,,,['DATETIME']
464,IMPARK,0,,,,['DATETIME']
465,BELL ST PIER,18,N,818,818,['DATETIME']
466,DIAMOND,0,,,,['DATETIME']
467,DIAMOND,0,,,,['DATETIME']
468,DIAMOND,0,,,,['DATETIME']
469,STREAM PARKING,0,,,,['DATETIME']
470,,,,,,['DATETIME']
471,DIAMOND,0,,,,['DATETIME']
472,DIAMOND,0,,,,['DATETIME']
473,JERRY'S GARAGE & U-DRIVE,0,,,,['DATETIME']
474,BURLINGTON NORTHERN,0,,,,['DATETIME']
475,DIAMOND,0,,,,['DATETIME']
476,DIAMOND,0,,,,['DATETIME']
477,DIAMOND,0,,,,['DATETIME']
478,DIAMOND,0,,,,['DATETIME']
479,REPUBLIC,0,,,,['DATETIME']
480,STADIUM PLACE INC,0,,,,['DATETIME']
481,OUTDOOR RESEARCH INC,0,,,,['DATETIME']
482,KEY PARK NORTHWEST,0,,,,['DATETIME']
483,DIAMOND,0,,,,['DATETIME']
484,REPUBLIC - BLANCHARD LOT,0,,,,['DATETIME']
485,GOODFELLOW'S LOT,0,,,,['DATETIME']
486,WAC PARKING,9,N,186,186,['DATETIME']
487,7TH & PIKE HOTEL GARAGE,0,,,,['DATETIME']
488,U-PARK,0,,,,['DATETIME']
489,KEY PARK NORTHWEST,0,,,,['DATETIME']
490,U-PARK,0,,,,['DATETIME']
491,REPUBLIC,0,,,,['DATETIME']
492,QUEEN ANNE UPHOLSTERY,0,,,,['DATETIME']
493,,0,,,,['DATETIME']
494,,0,,,,['DATETIME']
495,NELLA CUTLERY (USA),0,,,,['DATETIME']
496,DIAMOND,0,,,,['DATETIME']
497,ACE PARKING - PLYMOUTH CHURCH,0,,,,['DATETIME']
498,DIAMOND,0,,,,['DATETIME']
499,KEY PARK NORTHWEST,0,,,,['DATETIME']
500,WEST SEATTLE JUNCTION ASSOCIATION,0,,,,['DATETIME']
501,Standard,,,,,['DATETIME']
502,Standard,,,,,['DATETIME']
503,Standard,,,,,['DATETIME']
504,REPUBLIC,0,,,,['DATETIME']
505,DIAMOND,0,,,,['DATETIME']
506,DIAMOND,0,,,,['DATETIME']
507,AMAZON PHASE 4 #81877,0,,,,['DATETIME']
508,HILLCLIMB GARAGE,21,N,41,41,['DATETIME']
509,REPUBLIC - 818 STEWART,0,,,,['DATETIME']
510,DIAMOND,0,,,,['DATETIME']
511,DIAMOND,0,,,,['DATETIME']
512,CPS  - HEATH LOT NE,0,,,,['DATETIME']
513,IMPARK,0,,,,['DATETIME']
514,IMPARK,0,,,,['DATETIME']
515,DIAMOND,0,,,,['DATETIME']
516,1550 4TH AV S,0,,,,['DATETIME']
517,U-PARK,0,,,,['DATETIME']
518,CPS - 9TH AVE REGENCE,0,,,,['DATETIME']
519,CPS - TERRY AVE,0,,,,['DATETIME']
520,DIAMOND,0,,,,['DATETIME']
521,DIAMOND,0,,,,['DATETIME']
522,DIAMOND,0,,,,['DATETIME']
523,DIAMOND,0,,,,['DATETIME']
524,IMPARK,0,,,,['DATETIME']
525,IPM,0,,,,['DATETIME']
526,U-PARK,0,,,,['DATETIME']
527,SHERATON,0,,,,['DATETIME']
528,CAPLAN RAINBOW,0,,,,['DATETIME']
529,CPS - LAKE UNION,0,,,,['DATETIME']
530,U-PARK,0,,,,['DATETIME']
531,DIAMOND,0,,,,['DATETIME']
532,WOODLAND PARK ZOO LOT,0,,,,['DATETIME']
533,DIAMOND,0,,,,['DATETIME']
534,DIAMOND,0,,,,['DATETIME']
535,DIAMOND,0,,,,['DATETIME']
536,UNITED,0,,,,['DATETIME']
537,DIAMOND,0,,,,['DATETIME']
538,DIAMOND,0,,,,['DATETIME']
539,COLUMBIA CENTER PARKING,0,,,,['DATETIME']
540,DIAMOND,0,,,,['DATETIME']
541,DIAMOND,0,,,,['DATETIME']
542,DIAMOND,0,,,,['DATETIME']
543,DIAMOND,0,,,,['DATETIME']
544,,,,,,['DATETIME']
545,DIAMOND,0,,,,['DATETIME']
546,U-PARK,0,,,,['DATETIME']
547,CPS - CHERRY HILL,0,,,,['DATETIME']
548,DIAMOND,0,,,,['DATETIME']
549,HOTEL 1000,0,,,,['DATETIME']
550,DIAMOND,0,,,,['DATETIME']
551,DIAMOND,0,,,,['DATETIME']
552,CONOCO PHILLIPS LOT,0,,,,['DATETIME']
553,AMPCO,0,,,,['DATETIME']
554,KEY PARK NORTHWEST,0,,,,['DATETIME']
555,DIAMOND,0,,,,['DATETIME']
556,DIAMOND,0,,,,['DATETIME']
557,DIAMOND,0,,,,['DATETIME']
558,DIAMOND,0,,,,['DATETIME']
559,REPUBLIC,0,,,,['DATETIME']
560,IMPARK,0,,,,['DATETIME']
561,U-PARK,0,,,,['DATETIME']
562,DIAMOND,0,,,,['DATETIME']
563,DIAMOND,0,,,,['DATETIME']
564,U-PARK,0,,,,['DATETIME']
565,U-PARK,0,,,,['DATETIME']
566,IMPARK,0,,,,['DATETIME']
567,,,,,,['DATETIME']
568,REPUBLIC,0,,,,['DATETIME']
569,UNITED,0,,,,['DATETIME']
570,IMPARK,0,,,,['DATETIME']
571,DIAMOND,0,,,,['DATETIME']
572,CABRINI TOWER GARAGE,0,,,,['DATETIME']
573,IMPARK,0,,,,['DATETIME']
574,REPUBLIC,0,,,,['DATETIME']
575,DIAMOND,0,,,,['DATETIME']
576,DIAMOND,0,,,,['DATETIME']
577,CPS - ALCOA BLDG,0,,,,['DATETIME']
578,DIAMOND,0,,,,['DATETIME']
579,DIAMOND,0,,,,['DATETIME']
580,DIAMOND,0,,,,['DATETIME']
581,DIAMOND,0,,,,['DATETIME']
582,DIAMOND,0,,,,['DATETIME']
583,U-PARK,0,,,,['DATETIME']
584,IMPARK,0,,,,['DATETIME']
585,REPUBLIC,0,,,,['DATETIME']
586,TOTAL TERMINALS INTERNATIONAL LLC,0,,,,['DATETIME']
587,U-PARK,0,,,,['DATETIME']
588,AMPCO,0,,,,['DATETIME']
589,DIAMOND,0,,,,['DATETIME']
590,REPUBLIC,0,,,,['DATETIME']
591,DIAMOND,0,,,,['DATETIME']
592,DIAMOND,0,,,,['DATETIME']
593,REPUBLIC,0,,,,['DATETIME']
594,OTHELLO STATION,0,,,,['DATETIME']
595,CROWNE PLAZA HOTEL,0,,,,['DATETIME']
596,DIAMOND,0,,,,['DATETIME']
597,DIAMOND,0,,,,['DATETIME']
598,FIRST CONVENANT CHURCH,0,,,,['DATETIME']
599,DIAMOND,0,,,,['DATETIME']
600,DIAMOND,0,,,,['DATETIME']
601,U-PARK,0,,,,['DATETIME']
602,DIAMOND,0,,,,['DATETIME']
603,U-PARK,0,,,,['DATETIME']
604,UNITED,0,,,,['DATETIME']
605,DIAMOND,0,,,,['DATETIME']
606,BOBS BIKE & BOARD,0,,,,['DATETIME']
607,DIAMOND,0,,,,['DATETIME']
608,DIAMOND,0,,,,['DATETIME']
609,U-PARK,0,,,,['DATETIME']
610,SEATTLE HILTON,0,,,,['DATETIME']
611,U-PARK,0,,,,['DATETIME']
612,DIAMOND,0,,,,['DATETIME']
613,DALMASSO PROPERTIES LLC,0,,,,['DATETIME']
614,U-PARK,0,,,,['DATETIME']
615,SECOND & SENECA GARAGE,0,,,,['DATETIME']
616,PSP-COBB,8,N,473,473,['DATETIME']
617,UNITED,0,,,,['DATETIME']
618,KEY PARK NORTHWEST,0,,,,['DATETIME']
619,UNION STATION PARKING GARAGE NORTH,0,,,,['DATETIME']
620,U-PARK,0,,,,['DATETIME']
621,DIAMOND,0,,,,['DATETIME']
622,DIAMOND,0,,,,['DATETIME']
623,DOME,0,,,,['DATETIME']
624,STANDARD,0,,,,['DATETIME']
625,UNITED,0,,,,['DATETIME']
626,MONTLAKE TEXACO,0,,,,['DATETIME']
627,ALLEY 24 GARAGE,0,,,,['DATETIME']
628,DIAMOND,0,,,,['DATETIME']
629,REPUBLIC,0,,,,['DATETIME']
630,DIAMOND,0,,,,['DATETIME']
631,REPUBLIC - US BANK CENTRE,0,,,,['DATETIME']
632,U-PARK,0,,,,['DATETIME']
633,UNITED,0,,,,['DATETIME']
634,REPUBLIC,0,,,,['DATETIME']
635,DIAMOND,0,,,,['DATETIME']
636,DIAMOND,0,,,,['DATETIME']
637,DIAMOND,0,,,,['DATETIME']
638,IMPARK,0,,,,['DATETIME']
639,REPUBLIC,0,,,,['DATETIME']
640,KEY PARK NORTHWEST,0,,,,['DATETIME']
641,2ND & SPRING GARAGE,0,,,,['DATETIME']
642,DIAMOND,0,,,,['DATETIME']
643,U-DISTRICT PARKING LOT,0,,,,['DATETIME']
644,DIAMOND,0,,,,['DATETIME']
645,DIAMOND,0,,,,['DATETIME']
646,DIAMOND,0,,,,['DATETIME']
647,,0,,,,['DATETIME']
648,PEMCO LOT,0,,,,['DATETIME']
649,DIAMOND,0,,,,['DATETIME']
650,REPUBLIC,0,,,,['DATETIME']
651,CPS - MARKET PLACE,0,,,,['DATETIME']
652,DIAMOND,0,,,,['DATETIME']
653,DEJA VU LOT (MURATA LOT),0,,,,['DATETIME']
654,DIAMOND,0,,,,['DATETIME']
655,INTER*IM,0,,,,['DATETIME']
656,CASCADE,0,,,,['DATETIME']
657,U-DISTRICT PARKING LOT,0,,,,['DATETIME']
658,MERCHANTS PARKING ASSOC,0,,,,['DATETIME']
659,SEATTLE CENTER 1ST AVE N GARAGE,0,,,,['DATETIME']
660,EMERALD CITY AUTO REPAIR INC,0,,,,['DATETIME']
661,REPUBLIC - BALLARD LANDMARK,0,,,,['DATETIME']
662,DIAMOND,0,,,,['DATETIME']
663,DIAMOND,0,,,,['DATETIME']
664,IMPARK - MILENNIUM BUILDING,0,,,,['DATETIME']
665,ACE PARKING - PARK PLACE BUILDING,0,,,,['DATETIME']
666,REPUBLIC,0,,,,['DATETIME']
667,DIAMOND,0,,,,['DATETIME']
668,IMPARK,0,,,,['DATETIME']
669,DIAMOND,0,,,,['DATETIME']
670,INTER*IM,0,,,,['DATETIME']
671,2200 WESTLAKE GARAGE,0,,,,['DATETIME']
672,DIAMOND,0,,,,['DATETIME']
673,DIAMOND,0,,,,['DATETIME']
674,U-PARK,0,,,,['DATETIME']
675,IMPARK,0,,,,['DATETIME']
676,9TH & JOHN LOT,0,,,,['DATETIME']
677,U-PARK,0,,,,['DATETIME']
678,U-PARK,0,,,,['DATETIME']
679,DIAMOND,0,,,,['DATETIME']
680,IMPARK,0,,,,['DATETIME']
681,KEY PARK NORTHWEST,0,,,,['DATETIME']
682,,0,,,,['DATETIME']
683,3RD & STEWART,6,N,754,754,['DATETIME']
684,U-PARK,0,,,,['DATETIME']
685,WATERFRONT PLACE GARAGE,0,,,,['DATETIME']
686,WATERFRONT PLACE GARAGE,22,N,175,155,['DATETIME']
